keyword,intent,kd,volume_in,volume_global,cpc,parent_topic
how to cure dust allergy permanently,I,37,700,1,$0.01,dust allergy treatment
how to cure skin allergy,I,23,250,600,$0.01,skin allergy
how to cure dust allergy,I,37,200,250,$0.01,dust allergy
how to cure cold allergy permanently,I,30,150,250,$0.10,how to cure cold allergy permanently
how to cure allergy,I,52,150,300,$0.00,allergy
how to cure skin allergy at home,I,28,100,150,$0.01,దురద నివారణ మందులు
how to cure chicken allergy,I,35,100,700,,chicken allergy symptoms
how to cure face allergy,I,47,100,150,$0.01,allergy on face
how to cure sperm allergy at home,I,,100,900,,
can homeopathy cure allergy permanently,I,0,90,100,$0.04,anti allergic homeopathic medicine
allergy cure,I,62,90,600,$0.04,allergy
how to cure skin allergy naturally,I,,90,100,$0.01,
how to cure allergy on skin,I,47,80,150,$0.01,स्किन एलर्जी का देसी इलाज
how to cure allergy naturally,I,26,60,90,$0.03,allergy treatment at home
how to cure dust allergy at home,I,43,60,70,,dust allergy
how to cure allergy cough,I,24,50,90,$0.04,allergic cough
how to cure allergy permanently,I,47,50,50,$0.03,allergy
how to cure nose allergy,I,54,50,90,$0.02,allergic rhinitis
allergy cure path lab,I Branded,0,40,40,,allergy cure path lab
dust allergy cure,I,37,40,200,$0.07,dust allergy treatment at home
allergy cure at home,,,40,90,$0.02,
how to cure blood allergy naturally,,,40,40,,
how to cure eye allergy permanently,,,40,150,,
how to cure sneezing allergy,I,12,30,40,$0.01,how to stop sneezing
how to cure eye allergy,I,26,30,50,,eye allergy
how to cure allergy in skin,I,33,30,40,,स्किन एलर्जी का देसी इलाज
cure for dust allergy,I,37,30,50,$0.07,dust allergy treatment
cure for allergy,I,,30,200,$0.03,
skin allergy cure,I,,30,60,$0.03,
what is the best medicine to cure skin allergy,,,30,150,$0.02,
cure for skin allergy,I,,30,250,,
how to cure sneezing and runny nose allergy,,,30,30,,
how many days to cure skin allergy,,,30,40,,
dust mite allergy permanent cure,I,18,20,150,$0.05,dust allergy treatment
how to cure allergy cold,I,39,20,20,$0.08,how to cure cold allergy permanently
how to cure dust allergy naturally,I,,20,30,$0.07,
allergy cure food,I,36,20,80,$0.04,food allergies
allergy cure in ayurveda,,,20,20,$0.02,
how to cure dust allergy cold,,,20,20,,
how to cure turmeric allergy,,,20,100,,
how to cure allergy sneezing,I,12,10,20,$0.01,why am i sneezing so much and have a runny nose
how to cure sun allergy,I,5,10,50,,why a.m. i suddenly allergic to the sun
alcohol allergy cure,I,8,10,20,,
how to cure allergy in blood,,,10,10,$0.15,
pollen allergy cure,,,10,80,$0.09,
how to cure dog skin allergy,,,10,10,$0.09,
how to cure allergy asthma,I,,10,10,$0.04,
food allergy cure,,,10,200,$0.04,
dust allergy permanent cure,,,10,10,$0.04,
can ayurveda cure allergy,,,10,10,$0.04,
how to cure nasal allergy,,,10,20,$0.02,
allergy cure ayurveda,,,10,10,$0.02,
cure for rhinitis allergy,I,,10,30,$0.02,
rhinitis allergy cure,,,10,10,$0.02,
natural cure for allergy,,,10,20,$0.02,
allergy rhinitis cure,I,51,10,20,$0.02,allergic rhinitis
how to cure cold allergy naturally,,,10,10,$0.02,
how to cure food allergy naturally,,,10,10,$0.02,
natural allergy cure,,,10,250,$0.02,
how to cure allergy rhinitis,I,,10,20,$0.01,
dust mite allergy cure,,,10,150,$0.01,
home remedies to cure skin allergy,,,10,20,$0.01,
how to cure alpha gal allergy,,,10,10,,
how to cure dust allergy permanently naturally,,,10,10,,
cure allergy,,,10,90,,
how to cure seafood allergy,,,10,10,,
how to cure allergy of sneezing,,,10,10,,
cure nut allergy,,,10,10,,
cure cat allergy naturally,,,10,10,,
how to cure dust mite allergy naturally,,,10,10,,
dust allergy cure natural,,,10,20,,
fish allergy cure,,,10,10,,
how to cure cold flu allergy at home,,,10,10,,
how to cure wheat allergy naturally,,,10,10,,
how to cure soap allergy,,,10,10,,
can allergy cure itself,,,10,10,,
how to cure allergy around genital area,,,10,10,,
how to cure allergy itching,,,10,20,,
how to cure medicine allergy,,,10,10,,
mold allergy cure,,,10,20,,
how cure allergy,,,10,10,,
what is the cure of skin allergy,,,10,10,,
how to cure running nose allergy,,,10,10,,
how to cure curd allergy,,,10,10,,
shellfish allergy cure,,,10,50,,
pescatore allergy and asthma cure download,,,10,10,,
turmeric allergy cure,,,10,10,,
black pepper allergy cure,,,10,10,,
how to cure allergy to cats,,,10,10,,
how to cure skin allergy on face naturally,,,10,10,,
home remedies to cure allergy,,,10,10,,
tick red meat allergy cure,,,10,10,,
cure for dairy allergy,,,10,10,,
olive pollen allergy cure,,,10,10,,
johnson grass pollen allergy cure,,,10,10,,
maple leaf pollen allergy cure,,,10,10,,
how to cure sun allergy permanently,,,10,10,,
lip allergy cure,,,10,10,,
cure allergy clinic reviews,,,10,30,,
how to cure chocolate allergy,,,10,10,,
cure for alcohol allergy,,,10,10,,
skin allergy cure at home,,,10,10,,
australian pine pollen allergy cure,,,10,10,,
how to cure allergy to seafood,,,10,10,,
how to cure secere arctic area allergy,,,10,10,,
how to cure dust allergy in tamil,,,10,10,,
how to cure face allergy naturally,,,10,10,,
nut allergy cure,,,10,80,,
hand allergy cure,,,10,10,,
cure for eye allergy,,,10,10,,
how to cure a cat allergy,,,10,30,,
mosquito bite allergy cure,,,10,10,,
cure for allergy cough,,,10,100,,
neck allergy cure,,,10,10,,
how to cure pollen allergy at home,,,10,10,,
how to cure flea allergy dermatitis in cats,,,10,20,,
peanut butter allergy cure,,,10,10,,
how to cure allergy in throat,,,10,10,,
water allergy cure,,,10,10,,
how to cure ragweed allergy,,,10,20,,
is there any permanent cure for allergy,,,10,10,,
cure for sneezing allergy,,,10,10,,
allergy cure in homeopathy,,,10,10,,
how to cure lip allergy at home,,,10,10,,
what is the best cure for allergy?,,,10,10,,
is there a cure for red meat allergy,,,10,10,,
is there a cure for food allergy,,,10,10,,
allergy rash cure,,,10,10,,
how to cure allergy rashes,,,10,100,,
hives allergy cure,,,10,10,,
allergy cure syrup,,,10,10,,
cure for oral allergy syndrome,,,10,10,,
eye allergy cure round rock,,,10,10,,
surgery is a possible cure for a food allergy,,,10,10,,
dog allergy cure,,,10,100,,
cure for wheat allergy,,,10,10,,
honey allergy cure,,,10,10,,
peanut allergy cure 2023,,,10,10,,
wheat allergy cure,,,10,20,,
medicine to cure allergy,,,10,10,,
cure of skin allergy,,,10,20,,
how to cure cough due to dust allergy,,,10,10,,
how cure skin allergy,,,10,10,,
food allergy cure 2022,,,10,10,,
nickel allergy cure,,,10,20,,
how can i cure my dust allergy,,,10,10,,
does antihistamine cure allergy,,,10,10,,
food allergy cure research,,,10,50,,
cure egg allergy,,,10,10,,
how to cure allergy instantly,,,10,10,,
what is the fastest way to cure an allergy cough?,,,10,10,,
how to cure sweat allergy,,,10,10,,
how to cure allergy due to humidity,,,10,10,,
how to cure an allergy cough,,,10,350,,
does allergy shots cure allergies,,,10,10,,
throat allergy cure,,,10,10,,
is there a cure for gluten allergy,,,10,10,,
how to cure kiwi allergy,,,10,10,,
how to cure allergy rhinitis naturally,,,10,10,,
peanut allergy cure 2019,,,10,10,,
seafood allergy cure,,,10,20,,
cure pollen allergy,,,10,20,,
mudra to cure nasal allergy,,,10,10,,
how to cure dairy allergy,,,10,10,,
grass allergy cure,,,10,10,,
how to cure allergy in dogs,,,10,10,,
cure milk allergy,,,10,50,,
cure dust allergy,I,,10,20,,
dairy allergy cure,,,10,10,,
blood allergy cure,,,10,10,,
how to cure dust allergy permanently ayurveda,,,10,10,,
how to cure sneeze allergy,,,10,10,,
how to cure mushroom allergy,,,10,10,,
cure for hives allergy,,,10,10,,
rough pigweed pollen allergy cure,,,10,10,,
can you cure nut allergy,,,10,10,,
citrus allergy cure,,,10,10,,
how to cure nose allergy naturally,,,10,10,,
how to cure allergy on body,I,,10,10,,
cure for tree nut allergy,,,10,10,,
how to cure throat allergy at home,,,10,10,,
how to cure seasonal allergy,,,10,10,,
face allergy cure,,,10,10,,
how to cure allergy on lips,,,10,10,,
how to cure nut allergy,,,10,10,,
pollen allergy cure natural,,,10,10,,
how to cure tattoo allergy,,,10,10,,
how to cure fish allergy,,,10,40,,
how to cure cold and dust allergy,,,10,10,,
how to cure a peanut allergy,,,10,10,,
how to cure tree pollen allergy,,,10,10,,
how to cure cold due to dust allergy,,,10,10,,
shrimp allergy cure,,,10,10,,
nettle pollen allergy cure,,,10,10,,
best allergy cure,,,10,100,,
eye allergy cure naturally,,,10,10,,
how to cure cold allergy at home,,,10,10,,
how to cure allergy in eyes,,,10,10,,
how to cure allergy on skin naturally,,,10,10,,
how to cure allergy home remedies,,,10,10,,
allergy to cats cure,,,10,10,,
cure for food allergy,,,10,10,,
how to cure dust allergy instantly,,,10,10,,
ragweed allergy cure,,,10,20,,
how to cure dust allergy sneezing,,,10,10,,
weed allergy cure,,,10,10,,
what is the cure of allergy,,,10,10,,
can you cure peanut allergy,,,10,30,,
how to cure eye allergy naturally,,,10,10,,
cure for peanut allergy,,,10,90,,
how to cure egg allergy naturally,,,10,10,,
how to cure a food allergy,,,10,10,,
cat allergy cure natural,,,10,10,,
how to cure from skin allergy,,,10,10,,
how to cure skin allergy naturally in tamil,,,10,10,,
medicine to cure dust allergy,,,10,10,,
natural way to cure allergy,,,10,10,,
is it possible to cure an allergy,,,10,10,,
allergy cure 2021,,,10,10,,
cure parthenium allergy,,,10,10,,
how to cure swollen face due to allergy,,,10,10,,
yeast allergy cure,,,10,10,,
is there a cure for nut allergy,,,10,20,,
which food cure allergy,,,10,10,,
how to cure skin allergy itching,,,10,10,,
the food allergy cure,,,10,10,,
birch pollen allergy cure,,,10,10,,
how to cure tannin allergy,,,10,10,,
how to cure face redness allergy,,,10,10,,
how to cure a skin allergy,,,10,10,,
lemon allergy cure,,,10,10,,
pollen food allergy syndrome cure,,,10,10,,
how to cure allergy from shrimp,,,10,10,,
can homeopathy cure dust allergy,,,10,10,,
how to cure a dog allergy,,,10,10,,
can i cure my cat allergy,,,10,10,,
what is the cure for skin allergy,,,10,10,,
how to cure allergy in face,,,10,10,,
how to cure prawn allergy,,,10,10,,
is there a cure for shellfish allergy,,,10,30,,
cure skin allergy,,,10,10,,
how to cure the allergy,,,10,10,,
how to cure allergy induced asthma,,,10,10,,
what is the fastest way to cure skin allergy,,,10,20,,
how to cure sinus allergy naturally,,,10,20,,
how to cure allergy on face at home,,,10,10,,
allergy 'cure,,,10,10,,
food allergy cure 2023,,,,,,
how to cure skin allergy home remedy,,,,,,
white ash pollen allergy cure,,,,,,
